[
  {
    "id": "5744170b-ae45-4eb7-8da6-8ea84e14f1e5",
    "data": [
      {
        "text": "Hey",
        "userDefined": false
      }
    ],
    "isTemplate": false,
    "count": 0,
    "updated": 1518555167
  },
  {
    "id": "5d246fc6-c531-4761-9d58-e6fcf900a8a1",
    "data": [
      {
        "text": "Olá",
        "userDefined": false
      }
    ],
    "isTemplate": false,
    "count": 0,
    "updated": 1518555167
  },
  {
    "id": "1ebdd60a-39e9-4a5b-8af4-52c9c33d5c6b",
    "data": [
      {
        "text": "Oi",
        "userDefined": false
      }
    ],
    "isTemplate": false,
    "count": 0,
    "updated": 1518555167
  }
]